Block,原始慢变范围/uV,高通后慢变范围/uV
Block 1,60.77118773153572,2.510863068170963
Block 2,26.650590188234098,1.2414205852045492
